{
	"providers": {
		"awscloudformation": {
			"AuthRoleName": "travutapp-20190723144506-authRole",
			"UnauthRoleArn": "arn:aws:iam::035764117684:role/travutapp-20190723144506-unauthRole",
			"AuthRoleArn": "arn:aws:iam::035764117684:role/travutapp-20190723144506-authRole",
			"Region": "us-east-1",
			"DeploymentBucketName": "travutapp-20190723144506-deployment",
			"UnauthRoleName": "travutapp-20190723144506-unauthRole",
			"StackName": "travutapp-20190723144506",
			"StackId": "arn:aws:cloudformation:us-east-1:035764117684:stack/travutapp-20190723144506/073e1500-ad0d-11e9-aaf5-0a437bda7b86"
		}
	},
	"auth": {
		"cognito87622034": {
			"service": "Cognito",
			"providerPlugin": "awscloudformation",
			"providerMetadata": {
				"s3TemplateURL": "https://s3.amazonaws.com/travutapp-20190723144506-deployment/amplify-cfn-templates/auth/cognito87622034-cloudformation-template.yml",
				"logicalId": "authcognito87622034"
			},
			"lastPushTimeStamp": "2019-07-31T07:40:52.699Z",
			"output": {
				"AppClientSecret": "18ncp4q0nv7g2j30b5kcju2m6f3kcjnm9lom29h9m9njq0sc3j2p",
				"UserPoolId": "us-east-1_Dzs69swt7",
				"AppClientIDWeb": "2rhm3u9ioo1e15r6duir267co9",
				"AppClientID": "p0iqnjalj2v88vd85ft871ipg",
				"IdentityPoolId": "us-east-1:21579a14-d049-4828-97f8-259d27870d80",
				"IdentityPoolName": "cognito87622034_identitypool_87622034__tvlrenv",
				"UserPoolName": "cognito87622034_userpool_87622034"
			},
			"lastPushDirHash": "OId9g3Gy3YB6e8Ppcr2ZRRYXED4="
		}
	},
	"api": {
		"travutapp": {
			"service": "AppSync",
			"providerPlugin": "awscloudformation",
			"output": {
				"securityType": "AMAZON_COGNITO_USER_POOLS",
				"GraphQLAPIIdOutput": "3jiiqe3amjdkhby4dtljx6yw5i",
				"GraphQLAPIEndpointOutput": "https://mkdypagoo5fm7jn3rrkcw7whge.appsync-api.us-east-1.amazonaws.com/graphql"
			},
			"providerMetadata": {
				"s3TemplateURL": "https://s3.amazonaws.com/travutapp-20190723144506-deployment/amplify-cfn-templates/api/cloudformation-template.json",
				"logicalId": "apitravutapp"
			},
			"lastPushTimeStamp": "2019-07-31T07:40:54.221Z",
			"lastPushDirHash": "LDxdntKuTaVQ6zkkZ0VkYzZEH1M="
		}
	}
}